{
	"parent": "block/block",
	"textures": {
		"particle": "block/extra/candles",
		"all": "block/extra/candles",
		"flame": "block/torch"
	},
	"elements": [
		{
			"from": [7, 0, 7],
			"to": [9, 6, 9],
			"faces": {
				"north": {"uv": [2, 0, 4, 6], "texture": "#all"},
				"east": {"uv": [2, 8, 4, 14], "texture": "#all"},
				"south": {"uv": [2, 0, 4, 6], "texture": "#all"},
				"west": {"uv": [2, 8, 4, 14], "texture": "#all"},
				"up": {"uv": [14, 0, 16, 2], "texture": "#all"},
				"down": {"uv": [14, 8, 16, 10], "texture": "#all", "cullface": "down"}
			}
		},
		{
			"from": [7.5, 6, 8],
			"to": [8.5, 9, 8],
			"shade": false,
			"rotation": {"angle": 45, "axis": "y", "origin": [8, 8, 8], "rescale": true},
			"faces": {
				"north": {"uv": [6, 2, 10, 8], "texture": "#flame"},
				"south": {"uv": [10, 2, 6, 8], "texture": "#flame"}
			}
		},
		{
			"from": [8, 6, 7.5],
			"to": [8, 9, 8.5],
			"shade": false,
			"rotation": {"angle": 45, "axis": "y", "origin": [8, 8, 8], "rescale": true},
			"faces": {
				"east": {"uv": [10, 2, 6, 8], "texture": "#flame"},
				"west": {"uv": [6, 2, 10, 8], "texture": "#flame"}
			}
		}
	]
}