{
	"parent": "block/block",
	"textures": {
		"particle": "block/extra/candles",
		"all": "block/extra/candles",
		"flame": "block/torch"
	},
	"elements": [
		{
			"from": [2, 0, 3],
			"to": [4, 6, 5],
			"faces": {
				"north": {"uv": [4, 0, 6, 6], "texture": "#all"},
				"east": {"uv": [4, 8, 6, 14], "texture": "#all"},
				"south": {"uv": [4, 0, 6, 6], "texture": "#all"},
				"west": {"uv": [4, 8, 6, 14], "texture": "#all"},
				"up": {"uv": [14, 4, 16, 6], "texture": "#all"},
				"down": {"uv": [14, 12, 16, 14], "texture": "#all", "cullface": "down"}
			}
		},
		{
			"from": [10, 0, 11],
			"to": [12, 4, 13],
			"faces": {
				"north": {"uv": [6, 0, 8, 4], "texture": "#all"},
				"east": {"uv": [6, 8, 8, 12], "texture": "#all"},
				"south": {"uv": [6, 0, 8, 4], "texture": "#all"},
				"west": {"uv": [6, 8, 8, 12], "texture": "#all"},
				"up": {"uv": [10, 4, 12, 6], "texture": "#all"},
				"down": {"uv": [10, 12, 12, 14], "texture": "#all", "cullface": "down"}
			}
		},
		{
			"from": [11, 0, 2],
			"to": [13, 6, 4],
			"faces": {
				"north": {"uv": [2, 0, 4, 6], "texture": "#all"},
				"east": {"uv": [2, 8, 4, 14], "texture": "#all"},
				"south": {"uv": [2, 0, 4, 6], "texture": "#all"},
				"west": {"uv": [2, 8, 4, 14], "texture": "#all"},
				"up": {"uv": [14, 0, 16, 2], "texture": "#all"},
				"down": {"uv": [14, 8, 16, 10], "texture": "#all", "cullface": "down"}
			}
		},
		{
			"from": [3, 0, 9],
			"to": [5, 8, 11],
			"faces": {
				"north": {"uv": [0, 0, 2, 8], "texture": "#all"},
				"east": {"uv": [0, 8, 2, 16], "texture": "#all"},
				"south": {"uv": [0, 0, 2, 8], "texture": "#all"},
				"west": {"uv": [0, 8, 2, 16], "texture": "#all"},
				"up": {"uv": [10, 0, 12, 2], "texture": "#all"},
				"down": {"uv": [10, 8, 12, 10], "texture": "#all", "cullface": "down"}
			}
		},
		{
			"from": [2.5, 6, 4],
			"to": [3.5, 9, 4],
			"shade": false,
			"rotation": {"angle": 45, "axis": "y", "origin": [3, 8, 4], "rescale": true},
			"faces": {
				"north": {"uv": [6, 2, 10, 8], "texture": "#flame"},
				"south": {"uv": [10, 2, 6, 8], "texture": "#flame"}
			}
		},
		{
			"from": [3, 6, 3.5],
			"to": [3, 9, 4.5],
			"shade": false,
			"rotation": {"angle": 45, "axis": "y", "origin": [3, 8, 4], "rescale": true},
			"faces": {
				"east": {"uv": [10, 2, 6, 8], "texture": "#flame"},
				"west": {"uv": [6, 2, 10, 8], "texture": "#flame"}
			}
		},
		{
			"from": [10.5, 4, 12],
			"to": [11.5, 7, 12],
			"shade": false,
			"rotation": {"angle": 45, "axis": "y", "origin": [11, 8, 12], "rescale": true},
			"faces": {
				"north": {"uv": [10, 2, 6, 8], "texture": "#flame"},
				"south": {"uv": [6, 2, 10, 8], "texture": "#flame"}
			}
		},
		{
			"from": [11, 4, 11.5],
			"to": [11, 7, 12.5],
			"shade": false,
			"rotation": {"angle": 45, "axis": "y", "origin": [11, 8, 12], "rescale": true},
			"faces": {
				"east": {"uv": [6, 2, 10, 8], "texture": "#flame"},
				"west": {"uv": [10, 2, 6, 8], "texture": "#flame"}
			}
		},
		{
			"from": [11.5, 6, 3],
			"to": [12.5, 9, 3],
			"shade": false,
			"rotation": {"angle": 45, "axis": "y", "origin": [12, 8, 3], "rescale": true},
			"faces": {
				"north": {"uv": [6, 2, 10, 8], "texture": "#flame"},
				"south": {"uv": [10, 2, 6, 8], "texture": "#flame"}
			}
		},
		{
			"from": [12, 6, 2.5],
			"to": [12, 9, 3.5],
			"shade": false,
			"rotation": {"angle": 45, "axis": "y", "origin": [12, 8, 3], "rescale": true},
			"faces": {
				"east": {"uv": [6, 2, 10, 8], "texture": "#flame"},
				"west": {"uv": [10, 2, 6, 8], "texture": "#flame"}
			}
		},
		{
			"from": [3.5, 8, 10],
			"to": [4.5, 11, 10],
			"shade": false,
			"rotation": {"angle": 45, "axis": "y", "origin": [4, 8, 10], "rescale": true},
			"faces": {
				"north": {"uv": [10, 2, 6, 8], "texture": "#flame"},
				"south": {"uv": [6, 2, 10, 8], "texture": "#flame"}
			}
		},
		{
			"from": [4, 8, 9.5],
			"to": [4, 11, 10.5],
			"shade": false,
			"rotation": {"angle": 45, "axis": "y", "origin": [4, 8, 10], "rescale": true},
			"faces": {
				"east": {"uv": [10, 2, 6, 8], "texture": "#flame"},
				"west": {"uv": [6, 2, 10, 8], "texture": "#flame"}
			}
		}
	]
}