{
	"parent": "block/block",
	"textures": {
		"particle": "block/extra/candles",
		"all": "block/extra/candles",
		"flame": "block/torch"
	},
	"elements": [
		{
			"from": [7, 0, 10],
			"to": [9, 6, 12],
			"faces": {
				"north": {"uv": [4, 0, 6, 6], "texture": "#all"},
				"east": {"uv": [4, 8, 6, 14], "texture": "#all"},
				"south": {"uv": [4, 0, 6, 6], "texture": "#all"},
				"west": {"uv": [4, 8, 6, 14], "texture": "#all"},
				"up": {"uv": [14, 4, 16, 6], "texture": "#all"},
				"down": {"uv": [14, 12, 16, 14], "texture": "#all", "cullface": "down"}
			}
		},
		{
			"from": [3, 0, 3],
			"to": [5, 4, 5],
			"faces": {
				"north": {"uv": [6, 0, 8, 4], "texture": "#all"},
				"east": {"uv": [6, 8, 8, 12], "texture": "#all"},
				"south": {"uv": [6, 0, 8, 4], "texture": "#all"},
				"west": {"uv": [6, 8, 8, 12], "texture": "#all"},
				"up": {"uv": [10, 4, 12, 6], "texture": "#all"},
				"down": {"uv": [10, 12, 12, 14], "texture": "#all", "cullface": "down"}
			}
		},
		{
			"from": [9, 0, 5],
			"to": [11, 6, 7],
			"faces": {
				"north": {"uv": [2, 0, 4, 6], "texture": "#all"},
				"east": {"uv": [2, 8, 4, 14], "texture": "#all"},
				"south": {"uv": [2, 0, 4, 6], "texture": "#all"},
				"west": {"uv": [2, 8, 4, 14], "texture": "#all"},
				"up": {"uv": [14, 0, 16, 2], "texture": "#all"},
				"down": {"uv": [14, 8, 16, 10], "texture": "#all", "cullface": "down"}
			}
		},
		{
			"from": [7.5, 6, 11],
			"to": [8.5, 9, 11],
			"shade": false,
			"rotation": {"angle": 45, "axis": "y", "origin": [8, 8, 11], "rescale": true},
			"faces": {
				"north": {"uv": [10, 2, 6, 8], "texture": "#flame"},
				"south": {"uv": [6, 2, 10, 8], "texture": "#flame"}
			}
		},
		{
			"from": [8, 6, 10.5],
			"to": [8, 9, 11.5],
			"shade": false,
			"rotation": {"angle": 45, "axis": "y", "origin": [8, 8, 11], "rescale": true},
			"faces": {
				"east": {"uv": [6, 2, 10, 8], "texture": "#flame"},
				"west": {"uv": [10, 2, 6, 8], "texture": "#flame"}
			}
		},
		{
			"from": [3.5, 4, 4],
			"to": [4.5, 7.5, 4],
			"shade": false,
			"rotation": {"angle": 45, "axis": "y", "origin": [4, 8, 4], "rescale": true},
			"faces": {
				"north": {"uv": [6, 2, 10, 8], "texture": "#flame"},
				"south": {"uv": [10, 2, 6, 8], "texture": "#flame"}
			}
		},
		{
			"from": [4, 4, 3.5],
			"to": [4, 7.5, 4.5],
			"shade": false,
			"rotation": {"angle": 45, "axis": "y", "origin": [4, 8, 4], "rescale": true},
			"faces": {
				"east": {"uv": [10, 2, 6, 8], "texture": "#flame"},
				"west": {"uv": [6, 2, 10, 8], "texture": "#flame"}
			}
		},
		{
			"from": [9.5, 6, 6],
			"to": [10.5, 9.5, 6],
			"shade": false,
			"rotation": {"angle": 45, "axis": "y", "origin": [10, 8, 6], "rescale": true},
			"faces": {
				"north": {"uv": [6, 2, 10, 8], "texture": "#flame"},
				"south": {"uv": [10, 2, 6, 8], "texture": "#flame"}
			}
		},
		{
			"from": [10, 6, 5.5],
			"to": [10, 9.5, 6.5],
			"shade": false,
			"rotation": {"angle": 45, "axis": "y", "origin": [10, 8, 6], "rescale": true},
			"faces": {
				"east": {"uv": [6, 2, 10, 8], "texture": "#flame"},
				"west": {"uv": [10, 2, 6, 8], "texture": "#flame"}
			}
		}
	]
}