{
	"ambientocclusion": false,
	"elements": [
		{
			"from": [2, 15, 2],
			"to": [4, 19, 4],
			"shade": false,
			"rotation": {"angle": 22.5, "axis": "z", "origin": [3, 16, 3]},
			"faces": {
				"north": {"uv": [6, 2, 8, 6], "texture": "#crystal", "cullface": "up"},
				"east": {"uv": [4, 2, 6, 6], "texture": "#crystal", "cullface": "up"},
				"south": {"uv": [2, 2, 4, 6], "texture": "#crystal", "cullface": "up"},
				"west": {"uv": [0, 2, 2, 6], "texture": "#crystal", "cullface": "up"},
				"up": {"uv": [2, 0, 4, 2], "texture": "#crystal", "cullface": "up"}
			}
		},
		{
			"from": [12, 15, 4],
			"to": [15, 21, 7],
			"shade": false,
			"rotation": {"angle": -22.5, "axis": "z", "origin": [13.5, 16, 5.5]},
			"faces": {
				"north": {"uv": [9, 3, 12, 9], "texture": "#crystal", "cullface": "up"},
				"east": {"uv": [6, 3, 9, 9], "texture": "#crystal", "cullface": "up"},
				"south": {"uv": [3, 3, 6, 9], "texture": "#crystal", "cullface": "up"},
				"west": {"uv": [0, 3, 3, 9], "texture": "#crystal", "cullface": "up"},
				"up": {"uv": [3, 0, 6, 3], "texture": "#crystal", "cullface": "up"}
			}
		},
		{
			"from": [5, 15, 12],
			"to": [8, 20, 15],
			"shade": false,
			"rotation": {"angle": 22.5, "axis": "x", "origin": [6.5, 16, 13.5]},
			"faces": {
				"north": {"uv": [9, 11, 12, 16], "texture": "#crystal", "cullface": "up"},
				"east": {"uv": [6, 11, 9, 16], "texture": "#crystal", "cullface": "up"},
				"south": {"uv": [3, 11, 6, 16], "texture": "#crystal", "cullface": "up"},
				"west": {"uv": [0, 11, 3, 16], "texture": "#crystal", "cullface": "up"},
				"up": {"uv": [3, 8, 6, 11], "texture": "#crystal", "cullface": "up"}
			}
		},
		{
			"from": [6, 16, 5],
			"to": [10, 26, 9],
			"shade": false,
			"rotation": {"angle": 22.5, "axis": "y", "origin": [8, 16, 7]},
			"faces": {
				"north": {"uv": [12, 6, 16, 16], "texture": "#crystal", "cullface": "up"},
				"east": {"uv": [8, 6, 12, 16], "texture": "#crystal", "cullface": "up"},
				"south": {"uv": [4, 6, 8, 16], "texture": "#crystal", "cullface": "up"},
				"west": {"uv": [0, 6, 4, 16], "texture": "#crystal", "cullface": "up"},
				"up": {"uv": [4, 2, 8, 6], "texture": "#crystal", "cullface": "up"}
			}
		},
		{
			"from": [-10, 6, 5],
			"to": [0, 10, 9],
			"shade": false,
			"rotation": {"angle": -22.5, "axis": "x", "origin": [0, 8, 7]},
			"faces": {
				"north": {"uv": [12, 6, 16, 16], "rotation": 90, "texture": "#crystal", "cullface": "west"},
				"south": {"uv": [4, 6, 8, 16], "rotation": 270, "texture": "#crystal", "cullface": "west"},
				"west": {"uv": [4, 2, 8, 6], "rotation": 270, "texture": "#crystal", "cullface": "west"},
				"up": {"uv": [8, 6, 12, 16], "rotation": 270, "texture": "#crystal", "cullface": "west"},
				"down": {"uv": [0, 6, 4, 16], "rotation": 270, "texture": "#crystal", "cullface": "west"}
			}
		},
		{
			"from": [-4, 5, 12],
			"to": [1, 8, 15],
			"shade": false,
			"rotation": {"angle": 22.5, "axis": "y", "origin": [0, 6.5, 13.5]},
			"faces": {
				"north": {"uv": [9, 11, 12, 16], "rotation": 90, "texture": "#crystal", "cullface": "west"},
				"south": {"uv": [3, 11, 6, 16], "rotation": 270, "texture": "#crystal", "cullface": "west"},
				"west": {"uv": [3, 8, 6, 11], "rotation": 270, "texture": "#crystal", "cullface": "west"},
				"up": {"uv": [6, 11, 9, 16], "rotation": 270, "texture": "#crystal", "cullface": "west"},
				"down": {"uv": [0, 11, 3, 16], "rotation": 270, "texture": "#crystal", "cullface": "west"}
			}
		},
		{
			"from": [-5, 12, 4],
			"to": [1, 15, 7],
			"shade": false,
			"rotation": {"angle": -22.5, "axis": "z", "origin": [0, 13.5, 5.5]},
			"faces": {
				"north": {"uv": [9, 3, 12, 9], "rotation": 90, "texture": "#crystal", "cullface": "west"},
				"south": {"uv": [3, 3, 6, 9], "rotation": 270, "texture": "#crystal", "cullface": "west"},
				"west": {"uv": [3, 0, 6, 3], "rotation": 270, "texture": "#crystal", "cullface": "west"},
				"up": {"uv": [6, 3, 9, 9], "rotation": 270, "texture": "#crystal", "cullface": "west"},
				"down": {"uv": [0, 3, 3, 9], "rotation": 270, "texture": "#crystal", "cullface": "west"}
			}
		},
		{
			"from": [-3, 2, 2],
			"to": [1, 4, 4],
			"shade": false,
			"rotation": {"angle": 22.5, "axis": "z", "origin": [0, 3, 3]},
			"faces": {
				"north": {"uv": [6, 2, 8, 6], "rotation": 90, "texture": "#crystal", "cullface": "west"},
				"south": {"uv": [2, 2, 4, 6], "rotation": 270, "texture": "#crystal", "cullface": "west"},
				"west": {"uv": [2, 0, 4, 2], "rotation": 270, "texture": "#crystal", "cullface": "west"},
				"up": {"uv": [4, 2, 6, 6], "rotation": 270, "texture": "#crystal", "cullface": "west"},
				"down": {"uv": [0, 2, 2, 6], "rotation": 270, "texture": "#crystal", "cullface": "west"}
			}
		},
		{
			"from": [6, 7, 16],
			"to": [10, 11, 26],
			"shade": false,
			"rotation": {"angle": 22.5, "axis": "z", "origin": [8, 9, 16]},
			"faces": {
				"east": {"uv": [8, 6, 12, 16], "rotation": 270, "texture": "#crystal", "cullface": "south"},
				"south": {"uv": [4, 2, 8, 6], "texture": "#crystal", "cullface": "south"},
				"west": {"uv": [0, 6, 4, 16], "rotation": 90, "texture": "#crystal", "cullface": "south"},
				"up": {"uv": [12, 6, 16, 16], "rotation": 180, "texture": "#crystal", "cullface": "south"},
				"down": {"uv": [4, 6, 8, 16], "texture": "#crystal", "cullface": "south"}
			}
		},
		{
			"from": [5, 1, 15],
			"to": [8, 4, 20],
			"shade": false,
			"rotation": {"angle": 22.5, "axis": "x", "origin": [6.5, 2.5, 16]},
			"faces": {
				"east": {"uv": [6, 11, 9, 16], "rotation": 270, "texture": "#crystal", "cullface": "south"},
				"south": {"uv": [3, 8, 6, 11], "texture": "#crystal", "cullface": "south"},
				"west": {"uv": [0, 11, 3, 16], "rotation": 90, "texture": "#crystal", "cullface": "south"},
				"up": {"uv": [9, 11, 12, 16], "rotation": 180, "texture": "#crystal", "cullface": "south"},
				"down": {"uv": [3, 11, 6, 16], "texture": "#crystal", "cullface": "south"}
			}
		},
		{
			"from": [12, 9, 15],
			"to": [15, 12, 21],
			"shade": false,
			"rotation": {"angle": 22.5, "axis": "y", "origin": [13.5, 10.5, 16]},
			"faces": {
				"east": {"uv": [6, 3, 9, 9], "rotation": 270, "texture": "#crystal", "cullface": "south"},
				"south": {"uv": [3, 0, 6, 3], "texture": "#crystal", "cullface": "south"},
				"west": {"uv": [0, 3, 3, 9], "rotation": 90, "texture": "#crystal", "cullface": "south"},
				"up": {"uv": [9, 3, 12, 9], "rotation": 180, "texture": "#crystal", "cullface": "south"},
				"down": {"uv": [3, 3, 6, 9], "texture": "#crystal", "cullface": "south"}
			}
		},
		{
			"from": [2, 12, 15],
			"to": [4, 14, 19],
			"shade": false,
			"rotation": {"angle": -22.5, "axis": "y", "origin": [3, 13, 16]},
			"faces": {
				"east": {"uv": [4, 2, 6, 6], "rotation": 270, "texture": "#crystal", "cullface": "south"},
				"south": {"uv": [2, 0, 4, 2], "texture": "#crystal", "cullface": "south"},
				"west": {"uv": [0, 2, 2, 6], "rotation": 90, "texture": "#crystal", "cullface": "south"},
				"up": {"uv": [6, 2, 8, 6], "rotation": 180, "texture": "#crystal", "cullface": "south"},
				"down": {"uv": [2, 2, 4, 6], "texture": "#crystal", "cullface": "south"}
			}
		},
		{
			"from": [16, 6, 5],
			"to": [26, 10, 9],
			"shade": false,
			"rotation": {"angle": 22.5, "axis": "x", "origin": [16, 8, 7]},
			"faces": {
				"north": {"uv": [12, 6, 16, 16], "rotation": 270, "texture": "#crystal", "cullface": "east"},
				"east": {"uv": [4, 2, 8, 6], "rotation": 90, "texture": "#crystal", "cullface": "east"},
				"south": {"uv": [4, 6, 8, 16], "rotation": 90, "texture": "#crystal", "cullface": "east"},
				"up": {"uv": [0, 6, 4, 16], "rotation": 90, "texture": "#crystal", "cullface": "east"},
				"down": {"uv": [8, 6, 12, 16], "rotation": 90, "texture": "#crystal", "cullface": "east"}
			}
		},
		{
			"from": [15, 8, 12],
			"to": [20, 11, 15],
			"shade": false,
			"rotation": {"angle": -22.5, "axis": "y", "origin": [16, 9.5, 13.5]},
			"faces": {
				"north": {"uv": [9, 11, 12, 16], "rotation": 270, "texture": "#crystal", "cullface": "east"},
				"east": {"uv": [3, 8, 6, 11], "rotation": 90, "texture": "#crystal", "cullface": "east"},
				"south": {"uv": [3, 11, 6, 16], "rotation": 90, "texture": "#crystal", "cullface": "east"},
				"up": {"uv": [0, 11, 3, 16], "rotation": 90, "texture": "#crystal", "cullface": "east"},
				"down": {"uv": [6, 11, 9, 16], "rotation": 90, "texture": "#crystal", "cullface": "east"}
			}
		},
		{
			"from": [15, 1, 4],
			"to": [21, 4, 7],
			"shade": false,
			"rotation": {"angle": -22.5, "axis": "z", "origin": [16, 2.5, 5.5]},
			"faces": {
				"north": {"uv": [9, 3, 12, 9], "rotation": 270, "texture": "#crystal", "cullface": "east"},
				"east": {"uv": [3, 0, 6, 3], "rotation": 90, "texture": "#crystal", "cullface": "east"},
				"south": {"uv": [3, 3, 6, 9], "rotation": 90, "texture": "#crystal", "cullface": "east"},
				"up": {"uv": [0, 3, 3, 9], "rotation": 90, "texture": "#crystal", "cullface": "east"},
				"down": {"uv": [6, 3, 9, 9], "rotation": 90, "texture": "#crystal", "cullface": "east"}
			}
		},
		{
			"from": [15, 12, 2],
			"to": [19, 14, 4],
			"shade": false,
			"rotation": {"angle": 22.5, "axis": "z", "origin": [16, 13, 3]},
			"faces": {
				"north": {"uv": [6, 2, 8, 6], "rotation": 270, "texture": "#crystal", "cullface": "east"},
				"east": {"uv": [2, 0, 4, 2], "rotation": 90, "texture": "#crystal", "cullface": "east"},
				"south": {"uv": [2, 2, 4, 6], "rotation": 90, "texture": "#crystal", "cullface": "east"},
				"up": {"uv": [0, 2, 2, 6], "rotation": 90, "texture": "#crystal", "cullface": "east"},
				"down": {"uv": [4, 2, 6, 6], "rotation": 90, "texture": "#crystal", "cullface": "east"}
			}
		},
		{
			"from": [6, 5, -10],
			"to": [10, 9, 0],
			"shade": false,
			"rotation": {"angle": -22.5, "axis": "z", "origin": [8, 7, 0]},
			"faces": {
				"north": {"uv": [4, 2, 8, 6], "rotation": 180, "texture": "#crystal", "cullface": "north"},
				"east": {"uv": [8, 6, 12, 16], "rotation": 90, "texture": "#crystal", "cullface": "north"},
				"west": {"uv": [0, 6, 4, 16], "rotation": 270, "texture": "#crystal", "cullface": "north"},
				"up": {"uv": [4, 6, 8, 16], "texture": "#crystal", "cullface": "north"},
				"down": {"uv": [12, 6, 16, 16], "rotation": 180, "texture": "#crystal", "cullface": "north"}
			}
		},
		{
			"from": [5, 12, -4],
			"to": [8, 15, 1],
			"shade": false,
			"rotation": {"angle": 22.5, "axis": "x", "origin": [6.5, 13.5, 0]},
			"faces": {
				"north": {"uv": [3, 8, 6, 11], "rotation": 180, "texture": "#crystal", "cullface": "north"},
				"east": {"uv": [6, 11, 9, 16], "rotation": 90, "texture": "#crystal", "cullface": "north"},
				"west": {"uv": [0, 11, 3, 16], "rotation": 270, "texture": "#crystal", "cullface": "north"},
				"up": {"uv": [3, 11, 6, 16], "texture": "#crystal", "cullface": "north"},
				"down": {"uv": [9, 11, 12, 16], "rotation": 180, "texture": "#crystal", "cullface": "north"}
			}
		},
		{
			"from": [12, 4, -5],
			"to": [15, 7, 1],
			"shade": false,
			"rotation": {"angle": -22.5, "axis": "y", "origin": [13.5, 5.5, 0]},
			"faces": {
				"north": {"uv": [3, 0, 6, 3], "rotation": 180, "texture": "#crystal", "cullface": "north"},
				"east": {"uv": [6, 3, 9, 9], "rotation": 90, "texture": "#crystal", "cullface": "north"},
				"west": {"uv": [0, 3, 3, 9], "rotation": 270, "texture": "#crystal", "cullface": "north"},
				"up": {"uv": [3, 3, 6, 9], "texture": "#crystal", "cullface": "north"},
				"down": {"uv": [9, 3, 12, 9], "rotation": 180, "texture": "#crystal", "cullface": "north"}
			}
		},
		{
			"from": [2, 2, -3],
			"to": [4, 4, 1],
			"shade": false,
			"rotation": {"angle": 22.5, "axis": "y", "origin": [3, 3, 0]},
			"faces": {
				"north": {"uv": [2, 0, 4, 2], "rotation": 180, "texture": "#crystal", "cullface": "north"},
				"east": {"uv": [4, 2, 6, 6], "rotation": 90, "texture": "#crystal", "cullface": "north"},
				"west": {"uv": [0, 2, 2, 6], "rotation": 270, "texture": "#crystal", "cullface": "north"},
				"up": {"uv": [2, 2, 4, 6], "texture": "#crystal", "cullface": "north"},
				"down": {"uv": [6, 2, 8, 6], "rotation": 180, "texture": "#crystal", "cullface": "north"}
			}
		},
		{
			"from": [2, -3, 12],
			"to": [4, 1, 14],
			"shade": false,
			"rotation": {"angle": -22.5, "axis": "z", "origin": [3, 0, 13]},
			"faces": {
				"north": {"uv": [2, 2, 4, 6], "rotation": 180, "texture": "#crystal", "cullface": "down"},
				"east": {"uv": [4, 2, 6, 6], "rotation": 180, "texture": "#crystal", "cullface": "down"},
				"south": {"uv": [6, 2, 8, 6], "rotation": 180, "texture": "#crystal", "cullface": "down"},
				"west": {"uv": [0, 2, 2, 6], "rotation": 180, "texture": "#crystal", "cullface": "down"},
				"down": {"uv": [2, 0, 4, 2], "texture": "#crystal", "cullface": "down"}
			}
		},
		{
			"from": [12, -5, 9],
			"to": [15, 1, 12],
			"shade": false,
			"rotation": {"angle": 22.5, "axis": "z", "origin": [13.5, 0, 10.5]},
			"faces": {
				"north": {"uv": [3, 3, 6, 9], "rotation": 180, "texture": "#crystal", "cullface": "down"},
				"east": {"uv": [6, 3, 9, 9], "rotation": 180, "texture": "#crystal", "cullface": "down"},
				"south": {"uv": [9, 3, 12, 9], "rotation": 180, "texture": "#crystal", "cullface": "down"},
				"west": {"uv": [0, 3, 3, 9], "rotation": 180, "texture": "#crystal", "cullface": "down"},
				"down": {"uv": [3, 0, 6, 3], "texture": "#crystal", "cullface": "down"}
			}
		},
		{
			"from": [5, -4, 1],
			"to": [8, 1, 4],
			"shade": false,
			"rotation": {"angle": 22.5, "axis": "x", "origin": [6.5, 0, 2.5]},
			"faces": {
				"north": {"uv": [3, 11, 6, 16], "rotation": 180, "texture": "#crystal", "cullface": "down"},
				"east": {"uv": [6, 11, 9, 16], "rotation": 180, "texture": "#crystal", "cullface": "down"},
				"south": {"uv": [9, 11, 12, 16], "rotation": 180, "texture": "#crystal", "cullface": "down"},
				"west": {"uv": [0, 11, 3, 16], "rotation": 180, "texture": "#crystal", "cullface": "down"},
				"down": {"uv": [3, 8, 6, 11], "texture": "#crystal", "cullface": "down"}
			}
		},
		{
			"from": [6, -10, 7],
			"to": [10, 0, 11],
			"shade": false,
			"rotation": {"angle": -22.5, "axis": "y", "origin": [8, 0, 9]},
			"faces": {
				"north": {"uv": [4, 6, 8, 16], "rotation": 180, "texture": "#crystal", "cullface": "down"},
				"east": {"uv": [8, 6, 12, 16], "rotation": 180, "texture": "#crystal", "cullface": "down"},
				"south": {"uv": [12, 6, 16, 16], "rotation": 180, "texture": "#crystal", "cullface": "down"},
				"west": {"uv": [0, 6, 4, 16], "rotation": 180, "texture": "#crystal", "cullface": "down"},
				"down": {"uv": [4, 2, 8, 6], "texture": "#crystal", "cullface": "down"}
			}
		}
	]
}