{
	"ambientocclusion": false,
	"elements": [
		{
			"from": [4, 16, 4],
			"to": [6, 18, 6],
			"shade": false,
			"rotation": {"angle": 22.5, "axis": "z", "origin": [6, 16, 5]},
			"faces": {
				"north": {"uv": [8, 2, 10, 4], "texture": "#crystal", "cullface": "up"},
				"east": {"uv": [6, 2, 8, 4], "texture": "#crystal", "cullface": "up"},
				"south": {"uv": [4, 2, 6, 4], "texture": "#crystal", "cullface": "up"},
				"west": {"uv": [10, 2, 12, 4], "texture": "#crystal", "cullface": "up"},
				"up": {"uv": [10, 0, 12, 2], "rotation": 90, "texture": "#crystal", "cullface": "up"}
			}
		},
		{
			"from": [10, 16, 9],
			"to": [12, 19, 11],
			"shade": false,
			"rotation": {"angle": 22.5, "axis": "x", "origin": [11, 16, 9]},
			"faces": {
				"north": {"uv": [6, 13, 8, 16], "texture": "#crystal", "cullface": "up"},
				"east": {"uv": [4, 13, 6, 16], "texture": "#crystal", "cullface": "up"},
				"south": {"uv": [10, 13, 12, 16], "texture": "#crystal", "cullface": "up"},
				"west": {"uv": [8, 13, 10, 16], "texture": "#crystal", "cullface": "up"},
				"up": {"uv": [10, 11, 12, 13], "texture": "#crystal", "cullface": "up"}
			}
		},
		{
			"from": [4, 10, 16],
			"to": [6, 12, 18],
			"shade": false,
			"rotation": {"angle": -22.5, "axis": "y", "origin": [6, 11, 16]},
			"faces": {
				"east": {"uv": [6, 2, 8, 4], "rotation": 270, "texture": "#crystal", "cullface": "south"},
				"south": {"uv": [10, 0, 12, 2], "rotation": 90, "texture": "#crystal", "cullface": "south"},
				"west": {"uv": [10, 2, 12, 4], "rotation": 90, "texture": "#crystal", "cullface": "south"},
				"up": {"uv": [8, 2, 10, 4], "rotation": 180, "texture": "#crystal", "cullface": "south"},
				"down": {"uv": [4, 2, 6, 4], "texture": "#crystal", "cullface": "south"}
			}
		},
		{
			"from": [10, 5, 16],
			"to": [12, 7, 19],
			"shade": false,
			"rotation": {"angle": 22.5, "axis": "x", "origin": [11, 7, 16]},
			"faces": {
				"east": {"uv": [4, 13, 6, 16], "rotation": 270, "texture": "#crystal", "cullface": "south"},
				"south": {"uv": [10, 11, 12, 13], "texture": "#crystal", "cullface": "south"},
				"west": {"uv": [8, 13, 10, 16], "rotation": 90, "texture": "#crystal", "cullface": "south"},
				"up": {"uv": [6, 13, 8, 16], "rotation": 180, "texture": "#crystal", "cullface": "south"},
				"down": {"uv": [10, 13, 12, 16], "texture": "#crystal", "cullface": "south"}
			}
		},
		{
			"from": [16, 10, 4],
			"to": [18, 12, 6],
			"shade": false,
			"rotation": {"angle": 22.5, "axis": "z", "origin": [16, 10, 5]},
			"faces": {
				"north": {"uv": [8, 2, 10, 4], "rotation": 270, "texture": "#crystal", "cullface": "east"},
				"east": {"uv": [10, 0, 12, 2], "rotation": 180, "texture": "#crystal", "cullface": "east"},
				"south": {"uv": [4, 2, 6, 4], "rotation": 90, "texture": "#crystal", "cullface": "east"},
				"up": {"uv": [10, 2, 12, 4], "rotation": 90, "texture": "#crystal", "cullface": "east"},
				"down": {"uv": [6, 2, 8, 4], "rotation": 90, "texture": "#crystal", "cullface": "east"}
			}
		},
		{
			"from": [16, 4, 9],
			"to": [19, 6, 11],
			"shade": false,
			"rotation": {"angle": -22.5, "axis": "y", "origin": [16, 5, 9]},
			"faces": {
				"north": {"uv": [6, 13, 8, 16], "rotation": 270, "texture": "#crystal", "cullface": "east"},
				"east": {"uv": [10, 11, 12, 13], "rotation": 90, "texture": "#crystal", "cullface": "east"},
				"south": {"uv": [10, 13, 12, 16], "rotation": 90, "texture": "#crystal", "cullface": "east"},
				"up": {"uv": [8, 13, 10, 16], "rotation": 90, "texture": "#crystal", "cullface": "east"},
				"down": {"uv": [4, 13, 6, 16], "rotation": 90, "texture": "#crystal", "cullface": "east"}
			}
		},
		{
			"from": [4, 4, -2],
			"to": [6, 6, 0],
			"shade": false,
			"rotation": {"angle": 22.5, "axis": "y", "origin": [6, 5, 0]},
			"faces": {
				"north": {"uv": [10, 0, 12, 2], "rotation": 270, "texture": "#crystal", "cullface": "north"},
				"east": {"uv": [6, 2, 8, 4], "rotation": 90, "texture": "#crystal", "cullface": "north"},
				"west": {"uv": [10, 2, 12, 4], "rotation": 270, "texture": "#crystal", "cullface": "north"},
				"up": {"uv": [4, 2, 6, 4], "texture": "#crystal", "cullface": "north"},
				"down": {"uv": [8, 2, 10, 4], "rotation": 180, "texture": "#crystal", "cullface": "north"}
			}
		},
		{
			"from": [10, 9, -3],
			"to": [12, 11, 0],
			"shade": false,
			"rotation": {"angle": 22.5, "axis": "x", "origin": [11, 9, 0]},
			"faces": {
				"north": {"uv": [10, 11, 12, 13], "rotation": 180, "texture": "#crystal", "cullface": "north"},
				"east": {"uv": [4, 13, 6, 16], "rotation": 90, "texture": "#crystal", "cullface": "north"},
				"west": {"uv": [8, 13, 10, 16], "rotation": 270, "texture": "#crystal", "cullface": "north"},
				"up": {"uv": [10, 13, 12, 16], "texture": "#crystal", "cullface": "north"},
				"down": {"uv": [6, 13, 8, 16], "rotation": 180, "texture": "#crystal", "cullface": "north"}
			}
		},
		{
			"from": [-2, 4, 4],
			"to": [0, 6, 6],
			"shade": false,
			"rotation": {"angle": 22.5, "axis": "z", "origin": [0, 6, 5]},
			"faces": {
				"north": {"uv": [8, 2, 10, 4], "rotation": 90, "texture": "#crystal", "cullface": "west"},
				"south": {"uv": [4, 2, 6, 4], "rotation": 270, "texture": "#crystal", "cullface": "west"},
				"west": {"uv": [10, 0, 12, 2], "texture": "#crystal", "cullface": "west"},
				"up": {"uv": [6, 2, 8, 4], "rotation": 270, "texture": "#crystal", "cullface": "west"},
				"down": {"uv": [10, 2, 12, 4], "rotation": 270, "texture": "#crystal", "cullface": "west"}
			}
		},
		{
			"from": [-3, 10, 9],
			"to": [0, 12, 11],
			"shade": false,
			"rotation": {"angle": 22.5, "axis": "y", "origin": [0, 11, 9]},
			"faces": {
				"north": {"uv": [6, 13, 8, 16], "rotation": 90, "texture": "#crystal", "cullface": "west"},
				"south": {"uv": [10, 13, 12, 16], "rotation": 270, "texture": "#crystal", "cullface": "west"},
				"west": {"uv": [10, 11, 12, 13], "rotation": 270, "texture": "#crystal", "cullface": "west"},
				"up": {"uv": [4, 13, 6, 16], "rotation": 270, "texture": "#crystal", "cullface": "west"},
				"down": {"uv": [8, 13, 10, 16], "rotation": 270, "texture": "#crystal", "cullface": "west"}
			}
		},
		{
			"from": [10, -2, 4],
			"to": [12, 0, 6],
			"shade": false,
			"rotation": {"angle": 22.5, "axis": "z", "origin": [10, 0, 5]},
			"faces": {
				"north": {"uv": [8, 2, 10, 4], "rotation": 180, "texture": "#crystal", "cullface": "down"},
				"east": {"uv": [10, 2, 12, 4], "rotation": 180, "texture": "#crystal", "cullface": "down"},
				"south": {"uv": [4, 2, 6, 4], "rotation": 180, "texture": "#crystal", "cullface": "down"},
				"west": {"uv": [6, 2, 8, 4], "rotation": 180, "texture": "#crystal", "cullface": "down"},
				"down": {"uv": [10, 0, 12, 2], "rotation": 270, "texture": "#crystal", "cullface": "down"}
			}
		},
		{
			"from": [4, -3, 9],
			"to": [6, 0, 11],
			"shade": false,
			"rotation": {"angle": -22.5, "axis": "x", "origin": [5, 0, 9]},
			"faces": {
				"north": {"uv": [6, 13, 8, 16], "rotation": 180, "texture": "#crystal", "cullface": "down"},
				"east": {"uv": [8, 13, 10, 16], "rotation": 180, "texture": "#crystal", "cullface": "down"},
				"south": {"uv": [10, 13, 12, 16], "rotation": 180, "texture": "#crystal", "cullface": "down"},
				"west": {"uv": [4, 13, 6, 16], "rotation": 180, "texture": "#crystal", "cullface": "down"},
				"down": {"uv": [10, 11, 12, 13], "rotation": 180, "texture": "#crystal", "cullface": "down"}
			}
		}
	]
}